City_ID,City,Country,Lat,Lng,Max Temp,Humidity,Cloudiness,Wind Speed,Current Description,Date
0,Bredasdorp,ZA,-34.5322,20.0403,61.63,91,60,6.15,broken clouds,2022-10-24 03:47:07
1,Bambanglipuro,ID,-7.95,110.2833,84.58,68,99,8.52,overcast clouds,2022-10-24 03:47:07
2,Ostrovnoy,RU,68.0531,39.5131,38.37,64,100,25.01,light rain,2022-10-24 03:42:37
3,Vao,NC,-22.6667,167.4833,72.66,75,100,21.74,overcast clouds,2022-10-24 03:44:59
4,New Norfolk,AU,-42.7826,147.0587,56.91,73,99,1.99,overcast clouds,2022-10-24 03:47:08
5,Atuona,PF,-9.8,-139.0333,77.04,75,3,17.45,clear sky,2022-10-24 03:47:08
6,East London,ZA,-33.0153,27.9116,65.34,94,40,3.44,scattered clouds,2022-10-24 03:47:09
7,Prince Rupert,CA,54.3161,-130.3201,50.09,84,100,37.98,light rain,2022-10-24 03:47:09
8,Castro,BR,-24.7911,-50.0119,58.01,85,25,1.74,scattered clouds,2022-10-24 03:47:09
9,Cape Town,ZA,-33.9258,18.4232,62.28,83,0,11.5,clear sky,2022-10-24 03:46:41
10,Rocha,UY,-34.4833,-54.3333,51.73,97,19,3.85,few clouds,2022-10-24 03:46:03
11,Punta Arenas,CL,-53.15,-70.9167,44.71,70,0,16.11,clear sky,2022-10-24 03:43:21
12,Hermanus,ZA,-34.4187,19.2345,61.81,84,58,10.07,broken clouds,2022-10-24 03:47:11
13,Albany,US,42.6001,-73.9662,53.46,84,100,0.36,overcast clouds,2022-10-24 03:45:25
14,Carnarvon,AU,-24.8667,113.6333,71.02,58,24,16.75,few clouds,2022-10-24 03:47:11
15,Hasaki,JP,35.7333,140.8333,56.21,71,100,21.79,overcast clouds,2022-10-24 03:47:12
16,Puerto Ayora,EC,-0.7393,-90.3518,67.55,87,82,5.01,broken clouds,2022-10-24 03:47:12
17,Butaritari,KI,3.0707,172.7902,81.52,76,21,10.42,few clouds,2022-10-24 03:47:12
18,Jacqueville,CI,5.2052,-4.4146,78.58,82,93,5.68,light rain,2022-10-24 03:47:13
19,Ilulissat,GL,69.2167,-51.1,30.22,86,75,1.14,broken clouds,2022-10-24 03:43:30
20,Najran,SA,17.4924,44.1277,61.45,29,0,1.3,clear sky,2022-10-24 03:44:28
21,Balti,MD,47.7617,27.9289,48.9,90,16,2.89,few clouds,2022-10-24 03:47:14
22,Kieta,PG,-6.2167,155.6333,82.98,78,77,3.6,light rain,2022-10-24 03:44:18
23,Birao,CF,10.2849,22.7882,68.97,57,11,5.44,few clouds,2022-10-24 03:47:14
24,Georgetown,MY,5.4112,100.3354,87.73,77,40,5.01,scattered clouds,2022-10-24 03:43:24
25,Ushuaia,AR,-54.8,-68.3,40.66,93,0,4.61,clear sky,2022-10-24 03:47:15
26,Upernavik,GL,72.7868,-56.1549,21.06,75,36,4.94,scattered clouds,2022-10-24 03:47:15
27,Qaqortoq,GL,60.7167,-46.0333,33.66,99,100,5.61,snow,2022-10-24 03:47:16
28,Kalaleh,IR,37.3807,55.4916,58.6,88,20,0.0,few clouds,2022-10-24 03:47:16
29,Pontianak,ID,-0.0333,109.3333,83.98,79,75,4.61,broken clouds,2022-10-24 03:47:17
30,Mugla,TR,37.2303,28.3557,52.57,31,3,4.83,clear sky,2022-10-24 03:47:17
31,Rikitea,PF,-23.1203,-134.9692,72.64,84,46,11.99,light rain,2022-10-24 03:47:17
32,Maragogi,BR,-9.0122,-35.2225,75.33,87,76,8.32,broken clouds,2022-10-24 03:47:18
33,Paraiso,CR,9.8383,-83.8656,63.46,97,100,1.59,overcast clouds,2022-10-24 03:47:18
34,Merritt Island,US,28.5392,-80.672,74.03,82,75,10.36,broken clouds,2022-10-24 03:47:19
35,Eureka,US,40.8021,-124.1637,53.92,85,6,8.01,clear sky,2022-10-24 03:45:12
36,Severo-Kurilsk,RU,50.6789,156.125,39.88,72,61,8.37,broken clouds,2022-10-24 03:47:19
37,Manaure,CO,11.7751,-72.4445,81.82,78,82,10.96,broken clouds,2022-10-24 03:47:20
38,Bluff,NZ,-46.6,168.3333,48.45,55,90,14.09,overcast clouds,2022-10-24 03:47:20
39,Faanui,PF,-16.4833,-151.75,79.52,74,17,8.7,few clouds,2022-10-24 03:47:21
40,Kodiak,US,57.79,-152.4072,44.11,42,0,6.91,clear sky,2022-10-24 03:47:21
41,Bethel,US,41.3712,-73.414,57.38,70,100,6.91,overcast clouds,2022-10-24 03:47:22
42,Villa Carlos Paz,AR,-31.4241,-64.4978,61.39,41,3,1.99,clear sky,2022-10-24 03:47:22
43,Elko,US,41.0002,-115.5012,33.82,71,17,1.99,few clouds,2022-10-24 03:45:26
44,Hithadhoo,MV,-0.6,73.0833,81.9,72,42,7.11,scattered clouds,2022-10-24 03:48:23
45,Mataura,NZ,-46.1927,168.8643,52.11,44,95,5.75,overcast clouds,2022-10-24 03:48:23
46,Barrow,US,71.2906,-156.7887,24.82,86,100,21.85,overcast clouds,2022-10-24 03:48:23
47,Huangmei,CN,30.1924,116.025,74.93,19,87,15.41,overcast clouds,2022-10-24 03:48:24
48,Vestmannaeyjar,IS,63.4427,-20.2734,44.15,81,100,19.86,overcast clouds,2022-10-24 03:48:24
49,Noumea,NC,-22.2763,166.4572,82.38,65,100,14.16,overcast clouds,2022-10-24 03:48:25
50,Port Alfred,ZA,-33.5906,26.891,66.36,86,42,3.02,light rain,2022-10-24 03:48:25
51,Christchurch,NZ,-43.5333,172.6333,53.33,69,100,20.71,overcast clouds,2022-10-24 03:45:05
52,Carauari,BR,-4.8828,-66.8958,73.35,99,92,1.99,overcast clouds,2022-10-24 03:48:26
53,Baykit,RU,61.67,96.37,29.59,80,99,13.4,overcast clouds,2022-10-24 03:48:26
54,Kapaa,US,22.0752,-159.319,82.38,78,75,13.8,light rain,2022-10-24 03:48:27
55,Putina,PE,-15.4667,-69.4333,42.93,69,76,8.79,broken clouds,2022-10-24 03:48:27
56,Kaitangata,NZ,-46.2817,169.8464,50.0,50,92,11.16,overcast clouds,2022-10-24 03:48:28
57,Maldonado,UY,-34.6667,-54.9167,54.79,96,18,4.61,few clouds,2022-10-24 03:44:26
58,Inta,RU,66.0317,60.1659,30.72,92,100,15.5,overcast clouds,2022-10-24 03:48:28
59,Puerto Del Rosario,ES,28.5004,-13.8627,71.35,83,75,8.05,broken clouds,2022-10-24 03:48:29
60,Portland,US,45.5234,-122.6762,51.94,79,0,4.0,clear sky,2022-10-24 03:43:54
61,Pljevlja,ME,43.3333,19.3333,52.97,73,4,4.38,clear sky,2022-10-24 03:48:29
62,Ribeira Grande,PT,38.5167,-28.7,62.78,80,41,5.99,scattered clouds,2022-10-24 03:48:29
63,Lodja,CD,-3.4833,23.4333,70.81,90,90,2.04,overcast clouds,2022-10-24 03:48:30
64,Sorong,ID,-0.8833,131.25,87.26,62,100,7.29,overcast clouds,2022-10-24 03:48:30
65,Mount Isa,AU,-20.7333,139.5,100.15,17,23,23.71,few clouds,2022-10-24 03:48:31
66,Armidale,AU,-30.5167,151.65,66.78,69,100,8.68,overcast clouds,2022-10-24 03:48:31
67,Tuktoyaktuk,CA,69.4541,-133.0374,17.6,79,75,4.61,broken clouds,2022-10-24 03:48:31
68,Zhezkazgan,KZ,47.8043,67.7144,24.78,63,0,8.95,clear sky,2022-10-24 03:48:32
69,Bolgatanga,GH,10.7856,-0.8514,76.82,42,80,3.04,broken clouds,2022-10-24 03:48:32
70,Jijiga,ET,9.35,42.8,64.04,77,96,4.23,light rain,2022-10-24 03:48:33
71,Hobart,AU,-42.8794,147.3294,57.25,68,75,12.66,broken clouds,2022-10-24 03:44:50
72,Hilo,US,19.7297,-155.09,78.53,84,75,5.75,light rain,2022-10-24 03:45:14
73,Te Horo,NZ,-40.8084,175.1233,58.75,85,97,1.99,overcast clouds,2022-10-24 03:48:33
74,Vaini,TO,-21.2,-175.2,77.16,65,20,14.97,few clouds,2022-10-24 03:48:34
75,Atar,MR,20.5169,-13.0499,82.27,17,0,4.97,clear sky,2022-10-24 03:44:21
76,Tenenkou,ML,14.4572,-4.9169,81.93,28,45,7.2,scattered clouds,2022-10-24 03:48:34
77,Khatanga,RU,71.9667,102.5,2.75,90,61,6.31,broken clouds,2022-10-24 03:48:35
78,Coquimbo,CL,-29.9533,-71.3436,51.53,93,0,4.61,clear sky,2022-10-24 03:48:35
79,Nikolskoye,RU,59.7035,30.7861,32.79,88,5,5.5,clear sky,2022-10-24 03:48:35
80,Les Cayes,HT,18.2,-73.75,75.88,85,16,5.86,few clouds,2022-10-24 03:48:36
81,Calabar,NG,4.9517,8.322,73.13,96,96,1.34,overcast clouds,2022-10-24 03:48:36
82,Roebourne,AU,-20.7833,117.1333,88.23,27,61,13.42,broken clouds,2022-10-24 03:48:37
83,Evensk,RU,61.95,159.2333,16.23,77,76,8.12,broken clouds,2022-10-24 03:48:37
84,Effingham,US,32.3669,-81.3332,57.15,75,7,2.89,clear sky,2022-10-24 03:44:47
85,Carberry,CA,49.8689,-99.3602,41.23,86,100,24.54,overcast clouds,2022-10-24 03:48:38
86,Maniitsoq,GL,65.4167,-52.9,34.54,96,99,4.74,overcast clouds,2022-10-24 03:48:38
87,Talnakh,RU,69.4865,88.3972,24.21,96,99,8.61,light snow,2022-10-24 03:48:39
88,Lebu,CL,-37.6167,-73.65,47.68,87,99,8.39,overcast clouds,2022-10-24 03:47:52
89,Morondava,MG,-20.2833,44.2833,76.78,71,0,2.68,clear sky,2022-10-24 03:48:39
90,Busselton,AU,-33.65,115.3333,66.16,63,21,19.42,few clouds,2022-10-24 03:48:40
91,Yellowknife,CA,62.456,-114.3525,28.92,100,100,5.99,light snow,2022-10-24 03:49:40
92,Thompson,CA,55.7435,-97.8558,30.36,69,100,13.8,overcast clouds,2022-10-24 03:45:26
93,Kahului,US,20.8947,-156.47,82.42,71,40,21.85,light rain,2022-10-24 03:49:41
94,Rodos,GR,36.4408,28.2225,64.78,65,0,6.91,clear sky,2022-10-24 03:49:41
95,Yanam,IN,16.7333,82.2167,84.92,50,63,4.18,broken clouds,2022-10-24 03:49:42
96,Avarua,CK,-21.2078,-159.775,73.45,94,75,9.22,light rain,2022-10-24 03:49:42
97,Balurghat,IN,25.2167,88.7667,76.84,80,100,9.24,light rain,2022-10-24 03:49:43
98,Baie-Comeau,CA,49.2168,-68.1489,40.68,100,0,0.0,clear sky,2022-10-24 03:49:43
99,Gillingham,GB,51.3891,0.5486,57.9,87,82,1.01,broken clouds,2022-10-24 03:49:44
100,Mto Wa Mbu,TZ,-3.35,35.85,68.43,82,89,4.25,overcast clouds,2022-10-24 03:49:44
101,Namtsy,RU,62.7161,129.6658,28.51,85,100,12.88,overcast clouds,2022-10-24 03:49:45
102,Hambantota,LK,6.1241,81.1185,82.74,83,20,11.5,few clouds,2022-10-24 03:49:45
103,Kathmandu,NP,27.7167,85.3167,68.22,56,20,2.3,few clouds,2022-10-24 03:48:42
104,Den Helder,NL,52.9599,4.7593,59.99,84,40,18.01,scattered clouds,2022-10-24 03:49:46
105,Jinchang,CN,38.4953,102.1739,57.49,32,92,4.23,overcast clouds,2022-10-24 03:49:46
106,Ozernovskiy,RU,51.5,156.5167,39.61,67,99,8.9,light rain,2022-10-24 03:49:46
107,Saskylakh,RU,71.9167,114.0833,0.86,99,84,2.39,broken clouds,2022-10-24 03:49:47
108,Port Lincoln,AU,-34.7333,135.8667,61.0,81,92,15.59,overcast clouds,2022-10-24 03:49:47
109,Namibe,AO,-15.1961,12.1522,67.23,87,57,5.26,broken clouds,2022-10-24 03:46:30
110,Port Elizabeth,ZA,-33.918,25.5701,64.69,94,100,6.91,overcast clouds,2022-10-24 03:47:15
111,Qaanaaq,GL,77.484,-69.3632,19.44,93,100,2.19,overcast clouds,2022-10-24 03:49:48
112,Alexandria,EG,31.2156,29.9553,64.94,59,0,9.4,clear sky,2022-10-24 03:48:02
113,Coruripe,BR,-10.1256,-36.1756,74.59,89,82,8.75,broken clouds,2022-10-24 03:49:49
114,Jamestown,US,42.097,-79.2353,58.59,58,0,4.61,clear sky,2022-10-24 03:47:06
115,Los Llanos De Aridane,ES,28.6585,-17.9182,65.95,73,0,5.99,clear sky,2022-10-24 03:49:50
116,Victoria,HK,22.2855,114.1577,83.97,70,16,8.99,few clouds,2022-10-24 03:49:51
117,Kropotkin,RU,45.4375,40.5756,54.1,83,100,17.78,overcast clouds,2022-10-24 03:45:48
118,Mar Del Plata,AR,-38.0023,-57.5575,56.88,90,0,15.99,clear sky,2022-10-24 03:49:51
119,Iqaluit,CA,63.7506,-68.5145,29.93,80,75,12.66,light snow,2022-10-24 03:49:52
120,Balkanabat,TM,39.5108,54.3671,61.92,52,37,4.9,scattered clouds,2022-10-24 03:49:52
121,Pevek,RU,69.7008,170.3133,13.62,95,100,1.59,overcast clouds,2022-10-24 03:49:53
122,Rudnya,RU,54.947,31.0934,43.72,90,99,10.71,overcast clouds,2022-10-24 03:49:53
123,Chipiona,ES,36.7366,-6.437,64.62,88,0,3.44,clear sky,2022-10-24 03:49:54
124,Broken Hill,AU,-31.95,141.4333,68.2,55,72,17.43,broken clouds,2022-10-24 03:45:05
125,Marang,MY,5.2056,103.2059,82.96,81,100,5.7,moderate rain,2022-10-24 03:49:54
126,Souillac,MU,-20.5167,57.5167,71.98,88,75,3.44,broken clouds,2022-10-24 03:49:55
127,Bethanien,NA,-26.502,17.1583,64.24,32,59,2.8,broken clouds,2022-10-24 03:49:55
128,Lavrentiya,RU,65.5833,-171.0,29.05,88,65,6.17,broken clouds,2022-10-24 03:49:56
129,Cockburn Town,TC,21.4612,-71.1419,81.41,72,90,12.66,overcast clouds,2022-10-24 03:49:55
130,Luderitz,NA,-26.6481,15.1594,57.69,90,74,14.99,broken clouds,2022-10-24 03:49:56
131,Luganville,VU,-15.5333,167.1667,76.95,90,100,2.82,overcast clouds,2022-10-24 03:49:57
132,Sabang,ID,5.8933,95.3214,81.63,77,99,13.53,overcast clouds,2022-10-24 03:49:57
133,Cap-Aux-Meules,CA,47.3821,-61.8597,50.02,93,100,2.3,overcast clouds,2022-10-24 03:45:00
134,Mayumba,GA,-3.432,10.6554,76.28,91,100,2.71,light rain,2022-10-24 03:49:58
135,Camopi,GF,3.1655,-52.3158,72.55,91,78,1.45,broken clouds,2022-10-24 03:50:58
136,Kutulik,RU,53.3508,102.7839,36.23,56,100,15.57,overcast clouds,2022-10-24 03:50:59
137,Mabaruma,GY,8.2,-59.7833,74.53,99,84,2.64,broken clouds,2022-10-24 03:50:59
138,Saint-Philippe,RE,-21.3585,55.7679,76.59,77,43,7.65,scattered clouds,2022-10-24 03:50:59
139,Champerico,GT,14.3,-91.9167,79.16,80,36,4.21,scattered clouds,2022-10-24 03:51:00
140,Agadez,NE,19.75,10.25,67.69,35,36,10.09,scattered clouds,2022-10-24 03:51:00
141,Kendari,ID,-3.945,122.4989,91.76,52,87,2.73,overcast clouds,2022-10-24 03:51:01
142,Osmena,PH,10.5208,119.9258,84.79,74,27,9.22,scattered clouds,2022-10-24 03:51:01
143,Kuusamo,FI,65.9667,29.1833,30.24,86,75,10.36,broken clouds,2022-10-24 03:51:02
144,Sapouy,BF,11.5544,-1.7736,74.37,43,24,4.76,few clouds,2022-10-24 03:51:03
145,Chara,RU,56.9064,118.2631,33.76,68,100,1.77,overcast clouds,2022-10-24 03:51:03
146,Beloha,MG,-25.1667,45.05,74.59,66,1,6.13,clear sky,2022-10-24 03:51:03
147,Yaan,NG,7.3833,8.5667,73.0,95,95,1.28,overcast clouds,2022-10-24 03:51:04
148,Torbay,CA,47.6666,-52.7314,52.57,92,20,8.05,few clouds,2022-10-24 03:51:04
149,Vardo,NO,70.3705,31.1107,35.58,87,75,6.91,broken clouds,2022-10-24 03:51:05
150,Kitimat,CA,54.0524,-128.6534,39.58,30,100,2.35,moderate rain,2022-10-24 03:51:05
151,Lazaro Cardenas,MX,17.9583,-102.2,77.79,88,79,3.27,broken clouds,2022-10-24 03:51:06
152,Altamira,BR,-3.2033,-52.2064,79.86,74,99,3.85,overcast clouds,2022-10-24 03:51:06
153,Solanea,BR,-6.755,-35.54,71.83,92,49,2.71,scattered clouds,2022-10-24 03:51:07
154,Chuy,UY,-33.6971,-53.4616,55.31,93,24,5.23,few clouds,2022-10-24 03:51:07
155,Mehamn,NO,71.0357,27.8492,37.35,70,100,12.66,overcast clouds,2022-10-24 03:51:07
156,Watsa,CD,3.0372,29.5355,62.29,99,61,2.53,broken clouds,2022-10-24 03:51:08
157,Holland,US,42.7875,-86.1089,68.41,60,20,11.5,few clouds,2022-10-24 03:51:08
158,Sao Filipe,CV,14.8961,-24.4956,78.06,72,0,3.76,clear sky,2022-10-24 03:51:09
159,Makueni,KE,-1.8041,37.6203,65.46,81,98,2.73,overcast clouds,2022-10-24 03:51:09
160,Cabo San Lucas,MX,22.8909,-109.9124,79.9,71,18,10.0,few clouds,2022-10-24 03:49:44
161,Cap Malheureux,MU,-19.9842,57.6142,74.46,72,33,5.01,scattered clouds,2022-10-24 03:51:10
162,Sambava,MG,-14.2667,50.1667,72.81,78,16,6.38,few clouds,2022-10-24 03:51:10
163,Ponta Do Sol,PT,32.6667,-17.1,70.0,65,100,7.02,overcast clouds,2022-10-24 03:51:11
164,San Cristobal,VE,7.7669,-72.225,71.78,95,70,1.79,broken clouds,2022-10-24 03:51:11
165,Myitkyina,MM,25.3833,97.4,75.96,77,100,1.92,overcast clouds,2022-10-24 03:51:11
166,Airai,TL,-8.9266,125.4092,79.79,39,86,1.86,overcast clouds,2022-10-24 03:51:12
167,Solnechnyy,RU,50.7214,136.6319,40.98,43,38,2.98,scattered clouds,2022-10-24 03:51:12
168,Taga,RO,46.95,24.05,43.32,92,73,2.51,broken clouds,2022-10-24 03:51:13
169,Pisco,PE,-13.7,-76.2167,60.85,82,0,12.66,clear sky,2022-10-24 03:51:13
170,Cidreira,BR,-30.1811,-50.2056,56.89,86,2,4.97,clear sky,2022-10-24 03:51:14
171,Sinnamary,GF,5.3833,-52.95,79.84,86,78,10.54,broken clouds,2022-10-24 03:51:14
172,Saint-Leu,RE,-21.15,55.2833,76.06,71,4,3.27,clear sky,2022-10-24 03:51:15
173,Molteno,ZA,-31.3968,26.3625,56.12,91,93,4.92,overcast clouds,2022-10-24 03:51:16
174,Marsaxlokk,MT,35.8419,14.5431,70.09,65,0,7.63,clear sky,2022-10-24 03:51:17
175,Moron,AR,-34.6534,-58.6198,62.35,89,7,9.01,clear sky,2022-10-24 03:51:17
176,Puerto Escondido,MX,15.85,-97.0667,80.2,86,77,5.41,broken clouds,2022-10-24 03:51:18
177,Tasiilaq,GL,65.6145,-37.6368,32.79,99,100,4.29,snow,2022-10-24 03:51:18
178,Norman Wells,CA,65.282,-126.8329,24.84,93,100,2.3,light snow,2022-10-24 03:51:18
179,Tual,ID,-5.6667,132.75,84.11,74,100,6.13,overcast clouds,2022-10-24 03:51:19
180,Nelson Bay,AU,-32.7167,152.15,66.99,98,100,5.01,heavy intensity rain,2022-10-24 03:51:19
181,Sayansk,RU,54.1088,102.1648,34.56,57,100,12.35,overcast clouds,2022-10-24 03:51:20
182,Inirida,CO,3.8653,-67.9239,73.69,98,100,3.22,light rain,2022-10-24 03:52:21
183,Sao Joao Da Barra,BR,-21.6403,-41.0511,70.21,88,90,4.99,light rain,2022-10-24 03:52:21
184,Winslow,US,35.0242,-110.6974,48.38,27,100,24.16,overcast clouds,2022-10-24 03:52:22
185,Chokurdakh,RU,70.6333,147.9167,-2.31,94,60,7.29,broken clouds,2022-10-24 03:52:22
186,Flinders,AU,-34.5833,150.8552,66.18,94,100,1.99,light rain,2022-10-24 03:52:23
187,Takestan,IR,36.0696,49.6959,48.33,52,9,1.05,clear sky,2022-10-24 03:52:23
188,Tateyama,JP,34.9833,139.8667,62.1,78,100,19.48,overcast clouds,2022-10-24 03:52:24
189,Hualmay,PE,-11.0964,-77.6139,61.43,83,85,9.46,overcast clouds,2022-10-24 03:52:24
190,Akure,NG,7.2526,5.1931,71.06,98,93,0.29,overcast clouds,2022-10-24 03:52:24
191,Hervey Bay,AU,-25.2986,152.8535,75.47,79,80,13.24,broken clouds,2022-10-24 03:52:25
192,Russkaya Polyana,UA,49.417,31.9201,51.28,87,100,9.66,overcast clouds,2022-10-24 03:52:25
193,Sungurlu,TR,40.1675,34.3739,48.65,40,0,1.54,clear sky,2022-10-24 03:52:26
194,Bilibino,RU,68.0546,166.4372,-2.65,100,98,2.59,overcast clouds,2022-10-24 03:52:26
195,Kruisfontein,ZA,-34.0033,24.7314,59.88,94,40,2.39,scattered clouds,2022-10-24 03:52:27
196,Dungarpur,IN,23.8333,73.7167,79.63,25,0,2.89,clear sky,2022-10-24 03:52:27
197,Sonoita,MX,31.85,-112.8333,68.77,31,3,7.67,clear sky,2022-10-24 03:52:28
198,Arraial Do Cabo,BR,-22.9661,-42.0278,70.93,79,87,3.0,overcast clouds,2022-10-24 03:52:28
199,Obigarm,TJ,38.7173,69.7088,55.65,54,100,6.85,overcast clouds,2022-10-24 03:52:28
200,Yangambi,CD,0.8102,24.4336,67.84,97,100,0.81,overcast clouds,2022-10-24 03:52:29
201,Portlethen,GB,57.0547,-2.1307,54.77,99,100,4.61,mist,2022-10-24 03:52:29
202,Bam,IR,29.106,58.357,77.52,17,0,3.18,clear sky,2022-10-24 03:52:30
203,Iracoubo,GF,5.4802,-53.2011,80.11,86,84,11.18,broken clouds,2022-10-24 03:52:30
204,Mahebourg,MU,-20.4081,57.7,74.25,88,75,3.44,broken clouds,2022-10-24 03:52:31
205,Nantucket,US,41.2835,-70.0995,59.05,96,100,11.18,overcast clouds,2022-10-24 03:52:31
206,Santa Isabel Do Rio Negro,BR,-0.4139,-65.0192,73.35,99,100,1.99,overcast clouds,2022-10-24 03:52:32
207,Samarai,PG,-10.6167,150.6667,83.59,67,83,8.16,broken clouds,2022-10-24 03:52:32
208,Port Hardy,CA,50.6996,-127.4199,48.38,81,100,12.66,overcast clouds,2022-10-24 03:52:32
209,Kununurra,AU,-15.7667,128.7333,106.48,15,15,11.43,few clouds,2022-10-24 03:52:33
210,Sao Felix Do Xingu,BR,-6.6447,-51.995,73.56,84,56,1.45,broken clouds,2022-10-24 03:52:33
211,Norden,DE,53.6,7.2,59.95,97,63,1.01,broken clouds,2022-10-24 03:52:34
212,Ures,MX,29.4333,-110.4,66.07,72,77,0.74,broken clouds,2022-10-24 03:52:34
213,Saint George,US,37.1041,-113.5841,46.99,57,0,5.75,clear sky,2022-10-24 03:50:31
214,Manicore,BR,-5.8092,-61.3003,75.78,86,95,1.79,overcast clouds,2022-10-24 03:52:35
215,Date,JP,42.4681,140.8681,45.37,83,90,9.8,overcast clouds,2022-10-24 03:52:35
216,Tautira,PF,-17.7333,-149.15,78.42,77,23,10.85,few clouds,2022-10-24 03:52:36
217,Kantunilkin,MX,21.0917,-87.45,69.82,87,27,2.57,scattered clouds,2022-10-24 03:52:36
218,Jacareacanga,BR,-6.2222,-57.7528,79.02,72,81,0.45,broken clouds,2022-10-24 03:52:37
219,The Valley,AI,18.217,-63.0578,82.26,76,6,12.91,clear sky,2022-10-24 03:52:37
220,Sabla,NG,12.7525,4.7077,76.93,26,94,8.84,overcast clouds,2022-10-24 03:52:37
221,Riyadh,SA,24.6877,46.7219,64.54,19,0,2.95,clear sky,2022-10-24 03:52:38
222,Fortuna,US,40.5982,-124.1573,53.65,85,0,9.22,clear sky,2022-10-24 03:52:38
223,Zhigansk,RU,66.7697,123.3711,22.71,93,100,35.84,snow,2022-10-24 03:52:39
224,Innellan,GB,55.8919,-4.9616,52.77,97,100,4.07,overcast clouds,2022-10-24 03:52:39
225,Porvoo,FI,60.3923,25.6651,31.15,84,19,5.32,few clouds,2022-10-24 03:52:39
226,Tiksi,RU,71.6872,128.8694,21.15,95,98,7.76,overcast clouds,2022-10-24 03:52:40
227,Zhob,PK,31.3411,69.4481,65.66,17,0,4.41,clear sky,2022-10-24 03:53:41
228,Dikson,RU,73.5069,80.5464,28.18,77,100,22.88,overcast clouds,2022-10-24 03:53:41
229,Guerrero Negro,MX,27.9769,-114.0611,67.73,77,1,16.73,clear sky,2022-10-24 03:48:54
230,Aanekoski,FI,62.6946,25.818,28.47,100,97,6.4,overcast clouds,2022-10-24 03:53:42
231,Iskateley,RU,67.6803,53.1512,31.39,98,99,6.53,snow,2022-10-24 03:53:42
232,Saldanha,ZA,-33.0117,17.9442,57.25,93,37,10.71,scattered clouds,2022-10-24 03:53:42
233,Salme,NP,28.0369,85.0942,62.89,36,1,4.85,clear sky,2022-10-24 03:53:43
234,Gazojak,TM,41.1875,61.4036,50.74,53,85,10.98,overcast clouds,2022-10-24 03:53:44
235,Beyneu,KZ,45.3167,55.2,44.76,76,1,11.77,clear sky,2022-10-24 03:53:44
236,Rundu,NA,-17.9333,19.7667,68.56,59,80,2.89,broken clouds,2022-10-24 03:53:44
237,College,US,64.8569,-147.8028,30.07,95,100,0.0,mist,2022-10-24 03:53:45
238,Wollongong,AU,-34.4333,150.8833,67.08,95,100,18.32,light rain,2022-10-24 03:53:45
239,Mangulile,HN,15.0667,-86.8,62.44,99,40,0.45,scattered clouds,2022-10-24 03:53:46
240,Pangnirtung,CA,66.1451,-65.7125,22.96,85,100,9.64,overcast clouds,2022-10-24 03:53:46
241,Verkhoyansk,RU,67.5447,133.385,11.01,87,97,3.94,overcast clouds,2022-10-24 03:53:47
242,Nunchia,CO,5.6406,-72.1986,72.59,89,100,3.06,overcast clouds,2022-10-24 03:53:47
243,Lasa,IT,46.6166,10.7002,58.08,96,98,4.05,overcast clouds,2022-10-24 03:53:48
244,Kilindoni,TZ,-7.9139,39.6668,77.05,75,9,8.55,clear sky,2022-10-24 03:53:48
245,Kitakata,JP,37.65,139.8667,55.09,51,100,4.92,overcast clouds,2022-10-24 03:53:49
246,Odweyne,SO,9.4092,45.064,71.35,70,99,3.8,overcast clouds,2022-10-24 03:53:49
247,Show Low,US,34.2542,-110.0298,43.09,76,40,9.22,scattered clouds,2022-10-24 03:53:50
248,Lata,PT,40.1629,-8.3327,58.08,94,49,4.32,scattered clouds,2022-10-24 03:53:50
249,Grindavik,IS,63.8424,-22.4338,43.27,81,75,23.02,light rain,2022-10-24 03:53:51
250,Narsaq,GL,60.9167,-46.05,31.89,99,100,1.77,snow,2022-10-24 03:53:51
251,Pacific Grove,US,36.6177,-121.9166,59.23,76,0,8.99,clear sky,2022-10-24 03:53:06
252,Faya,SA,18.3851,42.4509,52.32,56,0,1.68,clear sky,2022-10-24 03:53:52
253,Codrington,AU,-38.2667,141.9667,54.93,96,100,16.87,light rain,2022-10-24 03:53:52
254,Pyaozerskiy,RU,65.8333,31.1667,35.65,72,56,14.41,broken clouds,2022-10-24 03:53:53
255,Ukiah,US,39.1502,-123.2078,55.65,64,0,0.0,clear sky,2022-10-24 03:53:52
256,Nizhnevartovsk,RU,60.9344,76.5531,28.42,86,100,20.13,light snow,2022-10-24 03:52:27
257,Birjand,IR,32.8663,59.2211,50.47,32,0,9.22,clear sky,2022-10-24 03:53:53
258,Sarkand,KZ,45.41,79.9186,42.57,64,65,5.53,broken clouds,2022-10-24 03:53:54
259,Male,MV,4.1748,73.5089,80.55,83,75,12.66,broken clouds,2022-10-24 03:49:51
260,Laguna,US,38.421,-121.4238,65.05,31,0,16.11,clear sky,2022-10-24 03:53:55
261,Wanaka,NZ,-44.7,169.15,44.11,90,100,5.01,light rain,2022-10-24 03:53:55
262,Churapcha,RU,62.0025,132.4325,24.03,92,100,12.97,overcast clouds,2022-10-24 03:53:56
263,Henties Bay,NA,-22.116,14.2845,56.34,93,45,3.91,scattered clouds,2022-10-24 03:53:56
264,Wanning,CN,18.8003,110.3967,76.91,92,91,12.41,overcast clouds,2022-10-24 03:53:56
265,Itapuranga,BR,-15.5622,-49.9486,69.4,91,100,4.65,overcast clouds,2022-10-24 03:53:57
266,Lufilufi,WS,-13.8745,-171.5986,80.38,82,83,16.6,moderate rain,2022-10-24 03:53:57
267,Bellavista,PE,-7.0561,-76.5911,72.05,99,100,0.6,light rain,2022-10-24 03:53:58
268,Nishihara,JP,26.1842,127.7558,76.66,57,20,27.63,few clouds,2022-10-24 03:53:58
269,Petropavlovsk-Kamchatskiy,RU,53.0452,158.6483,41.59,36,0,11.18,clear sky,2022-10-24 03:53:58
270,Beringovskiy,RU,63.05,179.3167,24.24,70,19,1.07,few clouds,2022-10-24 03:53:59
271,Dabou,CI,5.3256,-4.3769,76.57,87,92,4.27,overcast clouds,2022-10-24 03:53:59
272,Esperance,AU,-33.8667,121.9,59.18,71,100,20.11,overcast clouds,2022-10-24 03:55:00
273,Galle,LK,6.0367,80.217,79.83,82,99,10.09,overcast clouds,2022-10-24 03:55:00
274,Yumen,CN,40.2833,97.2,59.13,18,4,2.82,clear sky,2022-10-24 03:55:01
275,Sitka,US,57.0531,-135.33,40.41,91,100,6.82,light rain,2022-10-24 03:55:01
276,Wajima,JP,37.4,136.9,59.68,51,40,9.22,scattered clouds,2022-10-24 03:55:01
277,Srednekolymsk,RU,67.45,153.6833,2.28,92,95,3.11,overcast clouds,2022-10-24 03:55:02
278,Nago,JP,26.5881,127.9761,75.18,59,3,20.09,clear sky,2022-10-24 03:55:03
279,Ossora,RU,59.2353,163.0719,29.91,86,98,3.27,light snow,2022-10-24 03:55:03
280,Karacakoy,TR,41.4029,28.3834,53.44,72,15,3.62,few clouds,2022-10-24 03:55:03
281,Stokmarknes,NO,68.5646,14.9108,35.56,93,75,8.05,broken clouds,2022-10-24 03:55:04
282,Salina Cruz,MX,16.1667,-95.2,77.67,81,84,4.16,broken clouds,2022-10-24 03:55:04
283,Boguchany,RU,58.3814,97.4531,34.34,68,98,13.49,overcast clouds,2022-10-24 03:55:05
284,Morant Bay,JM,17.8815,-76.4093,78.42,81,52,6.31,broken clouds,2022-10-24 03:55:05
285,Mizdah,LY,31.4451,12.9801,58.15,60,0,1.72,clear sky,2022-10-24 03:55:06
286,Shaowu,CN,27.3409,117.4831,80.94,28,29,5.88,scattered clouds,2022-10-24 03:55:06
287,Freeport,US,40.6576,-73.5832,58.55,83,100,9.22,overcast clouds,2022-10-24 03:50:50
288,Bubaque,GW,11.2833,-15.8333,81.77,72,100,6.78,light rain,2022-10-24 03:55:07
289,Camacha,PT,33.0833,-16.3333,65.62,77,20,10.36,few clouds,2022-10-24 03:55:07
290,Prado,BR,-17.3411,-39.2208,72.05,91,99,3.47,light rain,2022-10-24 03:55:08
291,Aksarka,RU,66.5606,67.7975,28.6,94,100,8.28,overcast clouds,2022-10-24 03:55:08
292,Susanville,US,40.4163,-120.653,37.11,50,0,0.0,clear sky,2022-10-24 03:55:08
293,Klaksvik,FO,62.2266,-6.589,47.32,88,100,20.51,overcast clouds,2022-10-24 03:55:09
294,Khasan,RU,42.4308,130.6434,47.82,39,8,9.53,clear sky,2022-10-24 03:55:09
295,La Paz Centro,NI,12.34,-86.6753,74.16,93,14,4.32,few clouds,2022-10-24 03:55:10
296,Takhli,TH,15.2634,100.3438,89.74,67,7,7.16,clear sky,2022-10-24 03:55:10
297,Nome,US,64.5011,-165.4064,35.17,91,100,10.98,light snow,2022-10-24 03:55:11
298,Lorengau,PG,-2.0226,147.2712,86.43,56,93,6.51,overcast clouds,2022-10-24 03:55:11
299,Namatanai,PG,-3.6667,152.4333,86.83,58,100,2.19,overcast clouds,2022-10-24 03:55:11
300,Jimani,DO,18.4917,-71.8502,75.99,84,54,1.25,broken clouds,2022-10-24 03:55:12
301,Tandil,AR,-37.3217,-59.1332,50.68,80,100,7.96,overcast clouds,2022-10-24 03:55:12
302,Bambous Virieux,MU,-20.3428,57.7575,74.21,88,75,3.44,broken clouds,2022-10-24 03:55:13
303,Jiazi,CN,22.8779,116.067,77.07,64,3,21.47,clear sky,2022-10-24 03:55:13
304,Kouango,CF,4.9934,19.9619,69.13,97,83,2.26,broken clouds,2022-10-24 03:55:13
305,Aykhal,RU,66.0,111.5,27.64,96,100,16.73,snow,2022-10-24 03:55:14
306,Isangel,VU,-19.55,169.2667,77.11,88,100,13.8,overcast clouds,2022-10-24 03:55:14
307,Sorland,NO,67.667,12.6934,39.06,58,100,9.95,overcast clouds,2022-10-24 03:55:15
308,Dhidhdhoo,MV,6.8833,73.1,81.3,79,91,13.58,overcast clouds,2022-10-24 03:55:15
309,Menongue,AO,-14.6585,17.691,62.67,84,84,3.53,broken clouds,2022-10-24 03:55:16
310,Magadan,RU,59.5667,150.8,25.54,57,97,6.35,overcast clouds,2022-10-24 03:54:47
311,Te Anau,NZ,-45.4167,167.7167,44.15,93,100,3.98,overcast clouds,2022-10-24 03:55:16
312,Nanortalik,GL,60.1432,-45.2371,35.53,99,100,16.28,light rain,2022-10-24 03:55:17
313,Ughelli,NG,5.4899,6.0074,73.71,96,94,2.35,overcast clouds,2022-10-24 03:55:17
314,Agucadoura,PT,41.4318,-8.7804,62.91,90,88,13.33,overcast clouds,2022-10-24 03:55:18
315,Pringsewu,ID,-5.3582,104.9744,87.85,62,100,2.42,overcast clouds,2022-10-24 03:55:18
316,Pochutla,MX,15.7432,-96.4661,77.83,88,84,2.93,broken clouds,2022-10-24 03:56:18
317,Samana,DO,19.2056,-69.3369,76.71,89,39,5.91,scattered clouds,2022-10-24 03:56:19
318,Peterhead,GB,57.5058,-1.7981,54.45,98,100,15.57,overcast clouds,2022-10-24 03:56:19
319,Gayny,RU,60.3071,54.3241,35.28,97,100,13.15,light snow,2022-10-24 03:56:20
320,Srandakan,ID,-7.9386,110.2506,84.67,68,99,8.12,overcast clouds,2022-10-24 03:56:20
321,Kosonsoy,UZ,41.2561,71.5508,46.96,72,100,1.01,light rain,2022-10-24 03:56:21
322,Provideniya,RU,64.3833,-173.3,30.31,69,75,4.47,broken clouds,2022-10-24 03:56:21
323,Marawi,PH,7.9986,124.2928,78.8,77,88,5.39,overcast clouds,2022-10-24 03:56:22
324,Tucuma,BR,-0.1833,-50.05,79.3,77,36,8.52,scattered clouds,2022-10-24 03:52:48
325,Kokstad,ZA,-30.5472,29.4241,57.88,91,100,1.59,overcast clouds,2022-10-24 03:56:22
326,Togur,RU,58.3631,82.8265,29.73,81,98,15.39,overcast clouds,2022-10-24 03:56:23
327,Marzuq,YE,14.4,46.4667,71.82,56,4,1.57,clear sky,2022-10-24 03:56:23
328,Odesskoye,RU,54.2111,72.9651,24.69,88,22,11.43,few clouds,2022-10-24 03:56:23
329,La Ronge,CA,55.1001,-105.2842,35.85,64,100,8.05,overcast clouds,2022-10-24 03:56:24
330,Palmital,BR,-22.7889,-50.2175,66.45,75,0,5.32,clear sky,2022-10-24 03:56:24
331,Tiznit,MA,29.5833,-9.5,73.62,14,93,12.71,overcast clouds,2022-10-24 03:56:25
332,Luena,AO,-11.7833,19.9167,60.89,92,70,1.54,light rain,2022-10-24 03:56:25
333,Gezing,AT,47.9178,13.1299,57.15,92,75,2.3,broken clouds,2022-10-24 03:56:26
334,Poum,NC,-20.2333,164.0167,77.4,82,28,25.26,scattered clouds,2022-10-24 03:56:26
335,Smithers,CA,54.7804,-127.1743,37.72,81,100,9.22,light rain,2022-10-24 03:56:26
336,Tuatapere,NZ,-46.1333,167.6833,50.49,60,91,6.08,overcast clouds,2022-10-24 03:56:27
337,Bougouni,ML,11.417,-7.479,73.87,72,73,2.53,broken clouds,2022-10-24 03:56:27
338,Longyearbyen,SJ,78.2186,15.6401,22.84,74,75,6.91,broken clouds,2022-10-24 03:56:28
339,Emerald,AU,-23.5333,148.1667,90.34,40,50,12.12,scattered clouds,2022-10-24 03:56:28
340,Mangaratiba,BR,-22.9597,-44.0406,68.86,89,100,3.29,overcast clouds,2022-10-24 03:56:29
341,Bengkulu,ID,-3.8004,102.2655,80.55,81,81,5.44,broken clouds,2022-10-24 03:56:29
342,Buala,SB,-8.145,159.5921,82.9,75,95,1.54,light rain,2022-10-24 03:56:30
343,Urumqi,CN,43.801,87.6005,41.95,93,100,4.47,mist,2022-10-24 03:53:41
344,Zhangye,CN,38.9342,100.4517,60.26,22,71,6.49,broken clouds,2022-10-24 03:56:30
345,Touros,BR,-5.1989,-35.4608,77.49,81,14,11.5,few clouds,2022-10-24 03:56:31
346,Labuhan,ID,-6.8844,112.2051,87.89,62,99,4.0,overcast clouds,2022-10-24 03:56:31
347,Sampit,ID,-2.5333,112.95,87.17,62,100,5.44,overcast clouds,2022-10-24 03:56:32
348,Nalut,LY,30.3333,10.85,62.78,39,0,7.76,clear sky,2022-10-24 03:56:32
349,Puerto Princesa,PH,9.7392,118.7353,86.79,63,14,5.03,few clouds,2022-10-24 03:56:33
350,Awbari,LY,26.5921,12.7805,58.32,36,0,5.73,clear sky,2022-10-24 03:56:33
351,Tilichiki,RU,60.4667,166.1,16.52,84,23,7.0,few clouds,2022-10-24 03:56:34
352,Gazimurskiy Zavod,RU,51.5461,118.3266,45.5,37,31,10.11,scattered clouds,2022-10-24 03:56:34
353,Mujiayingzi,CN,42.1167,118.7833,55.9,21,0,2.91,clear sky,2022-10-24 03:56:34
354,Asau,RO,46.4333,26.4,36.52,91,16,5.88,few clouds,2022-10-24 03:56:35
355,Rakiv Lis,UA,51.6217,24.9243,47.41,95,57,4.83,broken clouds,2022-10-24 03:56:35
356,Maarianhamina,AX,60.0973,19.9348,26.46,100,0,1.14,clear sky,2022-10-24 03:56:36
357,Barrhead,GB,55.7992,-4.3929,53.65,93,20,2.3,fog,2022-10-24 03:56:36
358,Phan Thiet,VN,10.9333,108.1,85.8,68,97,5.3,overcast clouds,2022-10-24 03:54:39
359,Tulsipur,NP,28.131,82.2973,78.57,38,0,2.35,clear sky,2022-10-24 03:57:36
360,Clyde River,CA,70.4692,-68.5914,25.03,93,100,8.05,light snow,2022-10-24 03:57:37
361,Chopovychi,UA,50.8332,28.9533,50.18,95,99,6.87,overcast clouds,2022-10-24 03:57:37
362,Jand,PK,33.4299,72.0193,75.52,28,9,2.19,clear sky,2022-10-24 03:57:38
363,Coahuayana,MX,18.7333,-103.6833,76.12,93,74,2.84,broken clouds,2022-10-24 03:57:38
364,Constitucion,CL,-35.3333,-72.4167,46.38,76,0,6.22,clear sky,2022-10-24 03:57:38
365,Mach,PK,29.8637,67.3298,73.22,11,0,3.89,clear sky,2022-10-24 03:57:39
366,Mikumi,TZ,-7.4041,36.9831,70.39,86,99,3.22,light rain,2022-10-24 03:57:39
367,Taltal,CL,-25.4,-70.4833,59.18,78,3,3.36,clear sky,2022-10-24 03:57:40
368,Sioux Lookout,CA,50.1001,-91.917,53.67,82,20,6.91,few clouds,2022-10-24 03:57:40
369,Kyrylivka,UA,46.3759,35.3675,51.94,83,74,17.69,broken clouds,2022-10-24 03:57:41
370,Port-Gentil,GA,-0.7193,8.7815,75.4,94,100,5.7,moderate rain,2022-10-24 03:57:41
371,Kilmallock,IE,52.4,-8.5772,52.16,95,97,1.99,overcast clouds,2022-10-24 03:57:42
372,Tezu,IN,27.9167,96.1667,74.52,69,100,1.25,overcast clouds,2022-10-24 03:57:42
373,Urucui,BR,-7.2294,-44.5561,75.87,70,3,1.52,clear sky,2022-10-24 03:57:43
374,Charters Towers,AU,-20.1,146.2667,97.66,20,0,7.36,clear sky,2022-10-24 03:57:43
375,Muyezerskiy,RU,63.9333,31.65,34.0,79,95,11.3,overcast clouds,2022-10-24 03:57:43
376,Ibanda,TZ,-2.7974,32.4746,67.33,60,12,1.83,few clouds,2022-10-24 03:57:44
377,Senanga,ZM,-16.1167,23.2667,68.0,57,62,4.23,broken clouds,2022-10-24 03:57:44
378,Yakeshi,CN,49.2833,120.7333,44.67,34,48,6.73,scattered clouds,2022-10-24 03:57:45
379,Lethem,GY,3.3803,-59.7968,78.4,80,93,5.12,overcast clouds,2022-10-24 03:57:45
380,Tucurui,BR,-3.7661,-49.6725,77.97,83,56,3.36,broken clouds,2022-10-24 03:57:46
381,Progreso,MX,21.2833,-89.6667,76.1,78,6,12.39,clear sky,2022-10-24 03:57:46
382,Ambilobe,MG,-13.2,49.05,77.02,60,28,4.45,scattered clouds,2022-10-24 03:57:46
383,Shar,KZ,49.5886,81.0453,35.31,54,7,1.36,clear sky,2022-10-24 03:57:47
384,Alta Floresta,BR,-9.8756,-56.0861,71.87,95,77,1.66,broken clouds,2022-10-24 03:57:47
385,Rondonopolis,BR,-16.4708,-54.6356,74.12,90,100,3.42,overcast clouds,2022-10-24 03:54:23
386,Brae,GB,60.3964,-1.353,52.88,94,100,14.61,overcast clouds,2022-10-24 03:57:48
387,Bathsheba,BB,13.2167,-59.5167,83.01,83,75,13.8,broken clouds,2022-10-24 03:57:48
388,Port Hedland,AU,-20.3167,118.5667,86.05,48,32,19.57,scattered clouds,2022-10-24 03:57:49
389,Darhan,MN,49.4867,105.9228,50.95,32,45,10.22,scattered clouds,2022-10-24 03:57:49
390,Poronaysk,RU,49.2167,143.1167,40.55,47,16,1.03,few clouds,2022-10-24 03:57:49
391,San Jeronimo,PE,-11.9472,-75.2829,53.73,71,99,3.65,overcast clouds,2022-10-24 03:57:50
392,Botou,CN,38.0667,116.5667,69.12,21,0,5.73,clear sky,2022-10-24 03:57:50
393,Sisimiut,GL,66.9395,-53.6735,30.47,89,98,6.46,overcast clouds,2022-10-24 03:57:51
394,Vila Velha,BR,-20.3297,-40.2925,71.55,88,75,4.61,broken clouds,2022-10-24 03:57:51
395,Dunedin,NZ,-45.8742,170.5036,48.79,66,98,13.0,overcast clouds,2022-10-24 03:57:51
396,Salym,RU,60.0625,71.4789,31.69,72,100,14.61,overcast clouds,2022-10-24 03:57:52
397,Victor Harbor,AU,-35.5667,138.6167,61.68,89,100,1.01,overcast clouds,2022-10-24 03:57:52
398,Yerofey Pavlovich,RU,53.9667,121.9667,35.74,46,98,4.72,overcast clouds,2022-10-24 03:57:53
399,Lompoc,US,34.6391,-120.4579,55.94,80,0,8.16,clear sky,2022-10-24 03:57:53
400,Cermik,TR,38.1361,39.4493,55.58,34,71,2.89,broken clouds,2022-10-24 03:57:54
401,Tongren,CN,27.7172,109.1853,80.64,25,37,8.81,scattered clouds,2022-10-24 03:57:54
402,Plettenberg Bay,ZA,-34.0527,23.3716,60.37,88,34,3.0,scattered clouds,2022-10-24 03:57:54
403,Vaitape,PF,-16.5167,-151.75,79.52,74,18,8.77,few clouds,2022-10-24 03:57:55
404,Baoning,CN,25.3378,110.026,84.06,26,0,8.95,clear sky,2022-10-24 03:57:55
405,Carballo,ES,43.213,-8.691,60.49,92,48,7.81,scattered clouds,2022-10-24 03:58:56
406,Providencia,MX,28.7167,-111.5833,74.88,51,32,6.44,scattered clouds,2022-10-24 03:58:56
407,Alofi,NU,-19.0595,-169.9187,75.09,83,100,12.66,light intensity shower rain,2022-10-24 03:58:56
408,Boralday,KZ,43.3578,76.8594,48.25,64,81,7.05,broken clouds,2022-10-24 03:58:57
409,Fort Nelson,CA,58.8053,-122.7002,29.79,85,100,5.75,overcast clouds,2022-10-24 03:58:57
410,Bose,IT,45.4612,8.0137,61.2,96,100,1.7,overcast clouds,2022-10-24 03:58:58
411,Balikpapan,ID,-1.2675,116.8289,79.79,89,20,6.91,few clouds,2022-10-24 03:58:58
412,Novo Oriente,BR,-5.5344,-40.7742,76.51,68,31,3.87,scattered clouds,2022-10-24 03:58:59
413,Smolensk,RU,55.0,33.0,43.74,91,100,8.37,overcast clouds,2022-10-24 03:58:59
414,Tecoanapa,MX,16.5167,-98.75,79.2,86,40,5.79,scattered clouds,2022-10-24 03:58:59
415,Non Sang,TH,16.8687,102.5664,85.21,53,9,4.88,clear sky,2022-10-24 03:59:00
416,Takoradi,GH,4.8845,-1.7554,76.62,90,31,4.23,light rain,2022-10-24 03:59:00
417,Egvekinot,RU,66.3167,-179.1667,13.15,87,93,3.91,overcast clouds,2022-10-24 03:59:01
418,Dhone,IN,15.4167,77.8833,74.53,58,51,10.27,broken clouds,2022-10-24 03:59:02
419,Hamilton,US,39.1834,-84.5333,62.94,64,10,4.68,clear sky,2022-10-24 03:55:31
420,Hay River,CA,60.8156,-115.7999,26.58,80,75,6.91,broken clouds,2022-10-24 03:55:50
421,Newport Beach,US,33.6189,-117.9289,64.09,82,0,3.29,clear sky,2022-10-24 03:59:02
422,Talaya,RU,61.3833,152.75,1.98,93,37,0.89,scattered clouds,2022-10-24 03:59:03
423,Bumba,CD,2.1833,22.4667,70.16,98,100,1.59,overcast clouds,2022-10-24 03:59:03
424,Kampene,CD,-3.6,26.6667,67.15,97,85,0.94,overcast clouds,2022-10-24 03:59:04
425,Saint-Georges,GD,12.0564,-61.7485,80.28,89,75,5.75,broken clouds,2022-10-24 03:59:04
426,Katsuura,JP,35.1333,140.3,58.01,83,100,20.13,overcast clouds,2022-10-24 03:59:05
427,Harper,LR,4.375,-7.7169,76.64,88,100,6.85,light rain,2022-10-24 03:59:05
428,Blyznyuky,UA,48.8578,36.5551,47.17,87,100,13.67,overcast clouds,2022-10-24 03:59:06
429,Coihaique,CL,-45.5752,-72.0662,47.01,93,75,5.75,light rain,2022-10-24 03:59:06
430,Orlik,RU,52.5178,99.825,34.14,45,100,7.83,overcast clouds,2022-10-24 03:59:06
431,Manzanillo,CU,20.3433,-77.1167,73.87,90,3,10.31,clear sky,2022-10-24 03:59:07
432,Benxi,CN,41.2886,123.765,52.12,31,6,4.23,clear sky,2022-10-24 03:59:07
433,Saint-Augustin,CA,51.226,-58.6502,45.73,68,2,7.65,clear sky,2022-10-24 03:59:08
434,Okhotsk,RU,59.3833,143.3,23.74,40,5,12.37,clear sky,2022-10-24 03:55:40
435,Oktyabrskiy,RU,54.4815,53.471,35.67,77,90,12.86,overcast clouds,2022-10-24 03:59:08
436,Dumas,US,35.8656,-101.9732,70.54,42,0,13.8,clear sky,2022-10-24 03:59:09
437,Whitehorse,CA,60.7161,-135.0538,33.03,80,100,10.36,light snow,2022-10-24 03:59:09
438,Calamar,CO,10.2511,-74.9146,76.6,90,100,3.24,overcast clouds,2022-10-24 03:59:09
439,Ovalle,CL,-30.5983,-71.2003,59.56,62,2,2.06,clear sky,2022-10-24 03:59:10
440,Baoding,CN,38.8511,115.4903,66.52,21,0,2.84,clear sky,2022-10-24 03:59:10
441,Paine,CL,-33.8167,-70.75,65.71,55,100,1.1,overcast clouds,2022-10-24 03:59:11
442,Qiongshan,CN,20.0058,110.3542,73.38,94,40,8.95,scattered clouds,2022-10-24 03:59:11
443,Marfino,RU,55.7028,37.3822,41.34,87,100,11.18,overcast clouds,2022-10-24 03:59:11
444,Kavaratti,IN,10.5669,72.642,81.36,73,43,1.9,scattered clouds,2022-10-24 03:59:12
445,Cururupu,BR,-1.8283,-44.8683,76.23,90,72,5.03,broken clouds,2022-10-24 03:59:12
446,Gotsu,JP,35.0,132.2167,58.68,65,76,8.84,broken clouds,2022-10-24 03:59:13
447,Havre-Saint-Pierre,CA,50.2334,-63.5986,44.6,93,0,3.44,clear sky,2022-10-24 03:59:13
448,Port Augusta,AU,-32.5,137.7667,64.0,69,100,11.03,overcast clouds,2022-10-24 03:59:13
449,Idlib,SY,35.9306,36.6339,62.96,57,0,2.3,clear sky,2022-10-24 03:59:14
450,Palu,ID,-0.8917,119.8707,87.91,69,72,4.52,broken clouds,2022-10-24 03:59:14
451,Samfya,ZM,-11.3649,29.5565,75.7,45,100,3.0,overcast clouds,2022-10-24 03:59:15
452,Gamba,GA,-2.65,10.0,74.3,96,100,4.23,heavy intensity rain,2022-10-24 03:59:15
453,Lavumisa,SZ,-27.31,31.892,70.2,88,100,2.71,overcast clouds,2022-10-24 03:59:15
454,Khani,GE,41.9563,42.9566,42.37,75,100,4.32,overcast clouds,2022-10-24 03:59:16
455,Nouadhibou,MR,20.931,-17.0347,69.58,87,6,14.85,clear sky,2022-10-24 04:00:16
456,Aripuana,BR,-9.1667,-60.6333,73.99,87,65,1.99,broken clouds,2022-10-24 04:00:17
457,Madang,PG,-5.2246,145.7966,85.71,63,86,6.64,overcast clouds,2022-10-24 04:00:18
458,Tete,MZ,-16.1564,33.5867,77.16,60,50,7.02,scattered clouds,2022-10-24 04:00:19
459,Batticaloa,LK,7.7102,81.6924,82.45,70,98,2.28,overcast clouds,2022-10-24 04:00:19
460,Langsa,ID,4.4683,97.9683,77.77,89,100,3.76,overcast clouds,2022-10-24 04:00:20
461,San Quintin,MX,30.4833,-115.95,63.45,67,0,9.06,clear sky,2022-10-24 04:00:21
462,Cherskiy,RU,68.75,161.3,6.26,97,92,6.35,overcast clouds,2022-10-24 04:00:22
463,Auki,SB,-8.7676,160.7034,82.42,78,56,4.83,broken clouds,2022-10-24 04:00:22
464,Ulladulla,AU,-35.35,150.4667,63.5,97,100,13.22,light rain,2022-10-24 04:00:23
465,Troitsko-Pechorsk,RU,62.7084,56.1964,33.3,98,100,6.93,light snow,2022-10-24 04:00:23
466,Adrar,MR,20.5022,-10.0711,79.03,16,26,10.65,scattered clouds,2022-10-24 04:00:24
467,Tonj,SS,7.2737,28.6822,71.08,86,75,1.59,broken clouds,2022-10-24 04:00:24
468,Kalmunai,LK,7.4167,81.8167,83.57,69,93,1.5,overcast clouds,2022-10-24 04:00:25
469,Udachnyy,RU,66.4167,112.4,28.45,92,100,8.14,light snow,2022-10-24 04:00:25
470,Vostok,RU,46.4856,135.8833,37.33,48,18,6.62,few clouds,2022-10-24 04:00:26
471,Pingliang,CN,35.5392,106.6861,59.07,45,87,10.2,overcast clouds,2022-10-24 04:00:26
472,Bagacay,PH,12.9821,124.1415,85.41,71,94,10.02,overcast clouds,2022-10-24 04:00:27
473,Mecca,SA,21.4267,39.8261,77.92,64,1,2.66,clear sky,2022-10-24 03:57:18
474,Svetlyy,RU,54.675,20.1347,48.25,94,94,7.18,overcast clouds,2022-10-24 04:00:28
475,Chase,CA,50.8165,-119.6857,45.16,64,100,3.36,overcast clouds,2022-10-24 03:56:15
476,Kabanjahe,ID,3.1001,98.4908,71.85,77,100,2.95,moderate rain,2022-10-24 04:00:29
477,Marbella,ES,36.5154,-4.8858,68.25,100,88,3.02,overcast clouds,2022-10-24 04:00:29
478,Hami,CN,42.8,93.45,60.87,23,20,11.86,few clouds,2022-10-24 04:00:30
479,Bao,PH,13.6414,122.8314,88.18,63,95,7.34,overcast clouds,2022-10-24 04:00:30
480,Bandarbeyla,SO,9.4942,50.8122,78.76,76,49,2.08,scattered clouds,2022-10-24 04:00:31
481,Mathathane,BW,-22.2687,28.7495,69.12,72,15,7.9,few clouds,2022-10-24 04:00:31
482,Merritt,CA,50.1123,-120.7942,40.03,76,100,5.86,overcast clouds,2022-10-24 04:00:02
483,Waipawa,NZ,-41.4122,175.5153,59.31,61,98,12.3,overcast clouds,2022-10-24 04:00:32
484,Salta,AR,-24.7859,-65.4117,65.57,64,72,4.0,broken clouds,2022-10-24 04:00:33
485,Jiaonan,CN,35.8786,119.9753,64.18,41,0,3.76,clear sky,2022-10-24 04:00:33
486,Strezhevoy,RU,60.7333,77.5889,31.14,69,100,18.63,overcast clouds,2022-10-24 04:00:34
487,Karratha,AU,-20.7377,116.8463,86.0,34,42,15.99,scattered clouds,2022-10-24 04:00:34
488,Saskatoon,CA,52.1168,-106.6345,31.98,93,100,11.5,snow,2022-10-24 03:59:32
489,Carutapera,BR,-1.195,-46.02,79.09,76,19,8.75,few clouds,2022-10-24 04:00:35
490,Sussex,US,41.1834,-74.6663,57.36,72,100,12.66,overcast clouds,2022-10-24 04:00:35
491,Afsin,TR,38.2477,36.914,47.61,30,10,1.88,clear sky,2022-10-24 04:00:36
492,Sola,VU,-13.8833,167.55,79.29,77,100,12.5,light rain,2022-10-24 04:00:36
493,Markapur,IN,15.7333,79.2833,79.99,50,91,5.64,overcast clouds,2022-10-24 04:00:37
494,Currais Novos,BR,-6.2608,-36.5178,71.78,87,17,12.97,few clouds,2022-10-24 04:00:37
495,Wukari,NG,7.85,9.7833,72.34,94,99,1.63,overcast clouds,2022-10-24 04:00:38
496,Hutchinson,US,38.0608,-97.9298,76.03,60,93,5.99,overcast clouds,2022-10-24 04:00:39
497,Isfana,KG,39.8386,69.5306,41.56,82,100,0.96,light rain,2022-10-24 04:00:40
498,Naze,JP,28.3667,129.4833,74.32,60,10,22.03,clear sky,2022-10-24 04:00:40
499,Batagay-Alyta,RU,67.8006,130.4114,11.91,90,100,4.25,overcast clouds,2022-10-24 04:00:41
500,Avera,US,33.194,-82.5271,53.38,69,5,3.74,clear sky,2022-10-24 04:01:41
501,Sakakah,SA,29.9697,40.2064,69.37,39,13,5.46,few clouds,2022-10-24 03:58:27
502,Awjilah,LY,29.1081,21.2869,60.69,72,3,6.73,clear sky,2022-10-24 04:01:42
503,Fare,PF,-16.7,-151.0167,79.29,73,26,8.05,scattered clouds,2022-10-24 04:01:42
504,Totness,SR,5.8833,-56.3167,79.99,85,95,12.21,overcast clouds,2022-10-24 04:01:43
505,Nata,PA,8.3333,-80.5167,74.59,95,100,4.23,light rain,2022-10-24 04:01:44
506,Jablah,SY,35.3614,35.9256,66.49,72,20,4.61,few clouds,2022-10-24 04:01:44
507,Talara,PE,-4.5772,-81.2719,64.8,80,98,15.52,overcast clouds,2022-10-24 04:01:44
508,Dubbo,AU,-32.25,148.6167,73.26,67,88,5.7,light rain,2022-10-24 04:00:43
509,Port Blair,IN,11.6667,92.75,83.57,78,76,17.36,broken clouds,2022-10-24 04:01:45
510,Port Macquarie,AU,-31.4333,152.9167,67.89,94,100,3.11,light rain,2022-10-24 04:01:46
511,Anadyr,RU,64.75,177.4833,19.9,79,75,13.42,broken clouds,2022-10-24 04:01:47
512,Tromso,NO,69.6496,18.957,34.38,93,75,10.36,broken clouds,2022-10-24 04:01:47
513,Teguise,ES,29.0605,-13.564,64.62,88,0,8.05,clear sky,2022-10-24 04:01:47
514,Tabory,RU,58.5198,64.5495,32.77,69,34,14.38,scattered clouds,2022-10-24 04:01:48
515,Neftcala,AZ,39.3742,49.2472,55.89,91,7,7.65,clear sky,2022-10-24 04:01:48
516,Yuncheng,CN,35.0231,110.9928,72.95,31,77,9.55,broken clouds,2022-10-24 04:00:38
517,Nuuk,GL,64.1835,-51.7216,34.41,100,100,10.36,light shower snow,2022-10-24 04:01:49
518,Pakxan,LA,18.3778,103.6601,88.99,44,71,4.56,broken clouds,2022-10-24 04:01:49
519,Haines Junction,CA,60.7522,-137.5108,30.43,75,100,5.19,overcast clouds,2022-10-24 04:01:50
520,Recea,RO,47.6333,23.5167,49.21,93,40,5.99,scattered clouds,2022-10-24 04:01:50
521,Atasu,KZ,48.6814,71.6433,33.08,45,4,4.47,clear sky,2022-10-24 04:01:50
522,Sept-Iles,CA,50.2001,-66.3821,48.18,87,81,2.62,broken clouds,2022-10-24 04:01:51
523,Ahipara,NZ,-35.1667,173.1667,62.06,61,28,10.11,scattered clouds,2022-10-24 04:01:52
524,Trairi,BR,-3.2778,-39.2689,78.13,82,29,10.27,scattered clouds,2022-10-24 04:00:39
525,Liverpool,GB,53.4106,-2.9779,54.64,94,75,8.05,broken clouds,2022-10-24 04:00:38
526,Ankang,CN,32.68,109.0172,64.13,66,100,2.39,overcast clouds,2022-10-24 04:01:53
527,Ucluelet,CA,48.9329,-125.5528,49.08,91,100,3.0,light rain,2022-10-24 04:01:53
528,Mahibadhoo,MV,3.7833,72.9667,81.19,78,92,16.98,moderate rain,2022-10-24 03:58:26
529,Padang,ID,-0.9492,100.3543,86.05,74,96,5.06,overcast clouds,2022-10-24 03:58:26
530,Pundaguitan,PH,6.3711,126.1689,83.57,70,100,5.55,overcast clouds,2022-10-24 04:01:54
531,Kasongo-Lunda,CD,-6.4667,16.8167,69.96,95,99,0.63,overcast clouds,2022-10-24 04:01:55
532,Kitui,KE,-1.367,38.0106,65.05,82,97,3.06,overcast clouds,2022-10-24 04:01:55
533,Lagoa,PT,39.05,-27.9833,64.44,72,15,17.98,few clouds,2022-10-24 04:01:56
534,Nizwa,OM,22.9333,57.5333,78.69,32,0,1.23,clear sky,2022-10-24 04:01:57
535,Healdsburg,US,38.6105,-122.8692,59.02,56,0,10.36,clear sky,2022-10-24 04:01:08
536,Harrisburg,US,40.2737,-76.8844,56.62,94,100,1.99,moderate rain,2022-10-24 04:00:21
537,Singapore,SG,1.2897,103.8501,80.64,85,75,1.14,moderate rain,2022-10-24 03:58:44
538,Kurchum,KZ,48.5722,83.6542,36.93,49,1,9.89,clear sky,2022-10-24 04:01:57
539,Hammel,DK,56.2576,9.8632,54.14,97,100,13.35,overcast clouds,2022-10-24 04:01:58
540,El Carrizo,MX,24.0261,-106.8814,73.2,91,11,3.83,few clouds,2022-10-24 04:01:58
541,Terrace,CA,54.5163,-128.6035,39.25,99,100,2.04,light rain,2022-10-24 04:01:59
542,Piacabucu,BR,-10.4056,-36.4344,75.16,88,78,8.75,broken clouds,2022-10-24 04:01:59
543,Korla,CN,41.7597,86.1469,59.9,28,100,9.64,overcast clouds,2022-10-24 04:00:32
544,Oktyabrskoye,RU,43.0645,44.7417,39.34,93,100,4.47,mist,2022-10-24 04:02:00
545,Bonavista,CA,48.6499,-53.1147,51.31,79,0,13.69,clear sky,2022-10-24 04:02:00
546,Ballina,AU,-28.8667,153.5667,81.79,74,98,6.49,overcast clouds,2022-10-24 04:03:01
547,Mehran,IR,33.1222,46.1646,79.86,27,51,6.11,broken clouds,2022-10-24 04:03:01
548,Palana,RU,59.1167,159.9667,27.7,72,38,5.61,scattered clouds,2022-10-24 04:03:02
549,Deputatskiy,RU,69.3,139.9,8.53,90,100,3.0,overcast clouds,2022-10-24 04:03:03
550,Quatre Cocos,MU,-20.2078,57.7625,74.08,74,57,11.07,broken clouds,2022-10-24 04:03:03
551,Mogadishu,SO,2.0371,45.3438,78.73,79,54,10.18,broken clouds,2022-10-24 04:00:14
552,Aklavik,CA,68.2191,-135.0107,7.03,98,91,0.22,overcast clouds,2022-10-24 04:03:04
553,El Seibo,DO,18.7641,-69.0375,72.99,93,22,3.6,few clouds,2022-10-24 04:03:04
554,Dasoguz,TM,41.8363,59.9666,49.62,53,90,8.19,overcast clouds,2022-10-24 04:03:05
555,Ambon,ID,-3.6954,128.1814,89.74,66,20,8.05,few clouds,2022-10-24 04:03:05
556,Kenai,US,60.5544,-151.2583,35.15,64,0,2.08,clear sky,2022-10-24 04:03:06
557,West Sacramento,US,38.5805,-121.5302,65.08,31,0,16.11,clear sky,2022-10-24 04:03:06
558,Bahia Honda,CU,22.9036,-83.1592,73.99,86,8,8.88,clear sky,2022-10-24 04:03:07
559,Ngunguru,NZ,-35.6167,174.5,62.94,59,4,2.53,clear sky,2022-10-24 04:03:07
560,Kavieng,PG,-2.5744,150.7967,84.96,65,68,4.41,broken clouds,2022-10-24 04:03:08
561,Lapithos,CY,35.3375,33.1792,59.29,54,0,7.43,clear sky,2022-10-24 04:03:08
562,Lexington,US,37.9887,-84.4777,62.49,57,88,6.98,overcast clouds,2022-10-24 03:58:55
563,Sorgun,TR,39.8101,35.186,44.6,40,2,2.59,clear sky,2022-10-24 04:00:12
564,Shadrinsk,RU,56.0852,63.6335,31.57,53,28,12.93,scattered clouds,2022-10-24 04:03:09
565,Sturgis,US,41.7992,-85.4192,67.48,58,0,11.5,clear sky,2022-10-24 04:00:38
566,Sumbawanga,TZ,-7.9667,31.6167,61.09,51,66,3.67,broken clouds,2022-10-24 04:03:10
567,Japura,ID,-0.3167,102.35,88.14,58,99,5.41,overcast clouds,2022-10-24 04:03:10
568,San Jose De Rio Tinto,HN,14.9333,-85.7,69.3,98,17,1.99,few clouds,2022-10-24 04:03:10
569,Broome,US,42.2506,-75.833,58.01,81,100,3.44,overcast clouds,2022-10-24 04:03:11
570,Ancud,CL,-41.8697,-73.8203,50.92,93,100,19.37,light rain,2022-10-24 04:03:11
571,Chiang Khong,TH,20.2613,100.4046,87.35,50,57,1.79,broken clouds,2022-10-24 04:03:12
572,Sao Gabriel Da Cachoeira,BR,-0.1303,-67.0892,73.22,99,100,2.21,light rain,2022-10-24 04:00:23
573,Saint-Pierre,RE,-21.3393,55.4781,76.91,65,0,4.61,clear sky,2022-10-24 04:03:12
574,Vanimo,PG,-2.6741,141.3028,85.57,65,95,8.05,overcast clouds,2022-10-24 04:03:13
575,Rodrigues Alves,BR,-7.738,-72.6509,71.82,99,100,0.92,light rain,2022-10-24 04:03:14
576,Viedma,AR,-40.8135,-62.9967,64.71,44,74,19.8,broken clouds,2022-10-24 04:03:14
577,Okahandja,NA,-21.9833,16.9167,72.03,38,17,2.13,few clouds,2022-10-24 04:03:15
578,Goya,AR,-29.14,-59.2626,59.72,63,0,5.79,clear sky,2022-10-24 04:03:15
579,Seoul,KR,37.5683,126.9778,58.39,39,0,13.8,clear sky,2022-10-24 03:59:13
580,Surt,LY,31.2089,16.5887,66.81,74,0,5.39,clear sky,2022-10-24 04:03:16
581,Tomatlan,MX,19.9333,-105.25,73.81,95,97,2.35,overcast clouds,2022-10-24 04:03:16
582,Richards Bay,ZA,-28.783,32.0377,70.29,92,100,2.13,light rain,2022-10-24 04:03:16
583,Presidencia Roque Saenz Pena,AR,-26.7852,-60.4388,69.17,72,0,8.14,clear sky,2022-10-24 03:58:31
584,Olafsvik,IS,64.8945,-23.7142,42.85,79,100,13.0,light rain,2022-10-24 04:03:17
585,Palauig,PH,15.435,119.9045,85.69,68,79,6.15,broken clouds,2022-10-24 04:03:18
586,Dwarka,IN,22.2394,68.9678,84.72,43,0,6.26,clear sky,2022-10-24 04:03:18
587,Margate,GB,51.3813,1.3862,58.3,87,69,7.0,broken clouds,2022-10-24 04:03:18
588,Carmen,MX,18.6333,-91.8333,78.8,74,18,12.82,few clouds,2022-10-24 04:01:03
589,Gazli,UZ,40.1333,63.45,53.35,48,88,14.7,overcast clouds,2022-10-24 04:03:19
590,Tabriz,IR,38.08,46.2919,42.26,100,40,4.61,scattered clouds,2022-10-24 04:03:20
591,Maua,BR,-23.6678,-46.4614,66.36,89,63,4.5,broken clouds,2022-10-24 04:03:20
592,Cangucu,BR,-31.395,-52.6756,53.01,97,46,4.97,scattered clouds,2022-10-24 04:01:33
593,Conde,BR,-7.2597,-34.9075,74.37,86,13,7.78,few clouds,2022-10-24 04:03:21
594,Chitose,JP,42.8194,141.6522,44.67,81,75,18.41,light intensity shower rain,2022-10-24 04:04:21
595,San Patricio,US,28.017,-97.5169,80.49,75,93,18.63,overcast clouds,2022-10-24 04:04:21
596,Acapulco,MX,16.8634,-99.8901,79.48,86,73,5.46,broken clouds,2022-10-24 04:04:22
597,Makakilo City,US,21.3469,-158.0858,78.69,72,5,17.05,clear sky,2022-10-24 04:00:18
598,Shingu,JP,33.7333,135.9833,70.52,44,2,3.67,clear sky,2022-10-24 04:04:23
599,Babu,CN,24.4167,111.5167,88.65,23,2,3.58,clear sky,2022-10-24 04:04:23
600,Bartica,GY,6.4,-58.6167,79.12,99,99,1.95,overcast clouds,2022-10-24 04:04:24
601,Baiyin,CN,36.5583,104.2081,59.13,49,98,2.37,overcast clouds,2022-10-24 04:04:24
602,Marshall,US,34.3834,-86.3333,61.3,63,0,3.44,clear sky,2022-10-24 04:04:25
603,San Ramon,US,37.7799,-121.978,62.11,45,0,3.44,clear sky,2022-10-24 04:02:40
604,Ilo,PE,-17.6394,-71.3375,60.66,85,38,6.55,scattered clouds,2022-10-24 04:04:25
605,Contai,IN,21.7786,87.7536,71.76,94,100,14.47,moderate rain,2022-10-24 04:04:26
606,Kamina,CD,-8.7386,24.9906,65.37,76,64,3.87,broken clouds,2022-10-24 04:04:26
607,Dinghai,CN,26.2847,119.7936,67.69,62,62,29.97,broken clouds,2022-10-24 04:04:26
608,Changping,CN,40.2186,116.2197,62.24,23,0,4.68,clear sky,2022-10-24 04:04:27
609,Kamenka,RU,51.3223,42.7678,42.66,91,100,12.28,light rain,2022-10-24 04:04:28
610,Tsarychanka,UA,48.937,34.4786,49.55,94,93,10.16,overcast clouds,2022-10-24 04:04:28
611,Juneau,US,58.3019,-134.4197,38.21,100,80,7.29,broken clouds,2022-10-24 04:00:09
612,Farafangana,MG,-22.8167,47.8333,73.45,82,17,12.01,few clouds,2022-10-24 04:04:29
613,Zamora,EC,-4.0692,-78.9567,69.98,100,100,0.89,light rain,2022-10-24 04:04:29
614,Pahrump,US,36.2083,-115.9839,54.25,23,0,15.01,clear sky,2022-10-24 04:04:26
615,Lithgow,AU,-33.4833,150.15,56.1,97,100,2.93,overcast clouds,2022-10-24 04:04:30
616,Leningradskiy,RU,69.3833,178.4167,19.63,93,100,12.64,overcast clouds,2022-10-24 04:04:30
617,Cabedelo,BR,-6.9811,-34.8339,77.05,84,21,10.4,few clouds,2022-10-24 04:01:11
618,Mugumu,TZ,-1.85,34.7,62.58,68,6,4.21,clear sky,2022-10-24 04:04:31
619,Itarema,BR,-2.9248,-39.9167,79.18,77,40,13.38,scattered clouds,2022-10-24 04:04:31
620,Ibra,OM,22.6906,58.5334,77.79,28,0,1.86,clear sky,2022-10-24 04:03:19
621,Pacifica,US,37.6138,-122.4869,61.77,74,0,11.5,mist,2022-10-24 04:04:32
622,Chabahar,IR,25.2919,60.643,81.14,63,0,9.08,clear sky,2022-10-24 04:04:32
623,Tiarei,PF,-17.5333,-149.3333,78.53,75,13,7.78,few clouds,2022-10-24 04:04:33
624,Saint Anthony,US,45.0205,-93.218,69.84,71,0,13.8,clear sky,2022-10-24 04:04:33
625,George Town,MY,5.4112,100.3354,87.73,74,20,2.3,few clouds,2022-10-24 04:04:34
626,Arcata,US,40.8665,-124.0828,53.92,86,6,7.0,clear sky,2022-10-24 04:00:20
627,Caravelas,BR,-17.7125,-39.2481,71.65,93,100,3.6,light rain,2022-10-24 04:04:34
628,Tazovskiy,RU,67.4667,78.7,25.14,90,84,10.92,broken clouds,2022-10-24 04:04:35
629,Arlit,NE,18.7369,7.3853,75.02,25,0,8.5,clear sky,2022-10-24 04:04:35
630,Novyy Oskol,RU,50.7631,37.8691,46.87,90,100,12.95,overcast clouds,2022-10-24 04:04:36
631,Alice Springs,AU,-23.7,133.8833,83.75,34,0,8.05,clear sky,2022-10-24 04:04:36
632,Jizan,SA,17.3333,42.6667,83.53,72,2,0.36,clear sky,2022-10-24 04:04:36
633,Maridi,SS,4.9158,29.4742,66.38,98,28,4.18,scattered clouds,2022-10-24 04:04:37
634,Byron Bay,AU,-28.65,153.6167,81.72,69,95,4.94,overcast clouds,2022-10-24 04:04:37
635,Praya,CV,14.9215,-23.5087,75.74,78,20,10.36,few clouds,2022-10-24 04:04:38
636,Husavik,IS,66.0449,-17.3389,31.55,77,100,8.61,overcast clouds,2022-10-24 04:04:38
637,Murdochville,CA,48.9583,-65.5006,47.41,89,100,3.71,overcast clouds,2022-10-24 04:02:50
638,Denpasar,ID,-8.65,115.2167,85.71,84,40,10.36,scattered clouds,2022-10-24 03:59:45
639,Azangaro,PE,-14.9167,-70.2167,46.72,62,88,2.13,overcast clouds,2022-10-24 04:05:39
640,Pandan,PH,14.0453,124.1694,85.08,74,89,8.93,overcast clouds,2022-10-24 04:05:40
641,Natal,BR,-5.795,-35.2094,76.96,82,13,9.22,few clouds,2022-10-24 04:04:43
642,Singaparna,ID,-7.3515,108.111,82.26,68,100,3.13,overcast clouds,2022-10-24 04:05:40
643,Macas,EC,-2.3167,-78.1167,68.13,99,100,1.5,moderate rain,2022-10-24 04:02:50
644,Harlingen,US,26.1906,-97.6961,80.51,85,0,17.27,clear sky,2022-10-24 04:05:41
645,Vammala,FI,61.3333,22.9,21.9,83,20,2.13,few clouds,2022-10-24 04:05:41
646,Rincon,US,32.296,-81.2354,64.85,100,0,0.0,clear sky,2022-10-24 04:01:28
647,Koupela,BF,12.1794,-0.3517,79.29,28,48,6.89,scattered clouds,2022-10-24 04:05:42
648,Xinxiang,CN,35.3089,113.8672,74.14,30,88,6.98,overcast clouds,2022-10-24 04:05:42
649,Ust-Nera,RU,64.5667,143.2,1.92,95,63,5.32,broken clouds,2022-10-24 04:05:43
650,Jeremoabo,BR,-10.075,-38.4808,69.21,97,86,6.96,overcast clouds,2022-10-24 04:05:43
651,Qui Nhon,VN,13.7667,109.2333,82.56,72,98,11.88,overcast clouds,2022-10-24 04:05:44
652,Kulhudhuffushi,MV,6.6221,73.07,80.15,81,94,16.22,overcast clouds,2022-10-24 04:05:44
653,Causapscal,CA,48.3542,-67.227,51.3,92,100,1.79,overcast clouds,2022-10-24 04:05:44
654,Marsh Harbour,BS,26.5412,-77.0636,78.76,63,0,10.54,clear sky,2022-10-24 04:05:45
655,Chengde,CN,40.9725,117.9361,59.47,20,0,2.46,clear sky,2022-10-24 04:05:45
656,Geraldton,AU,-28.7667,114.6,67.5,54,90,18.5,overcast clouds,2022-10-24 04:05:46
657,Nemuro,JP,43.3236,145.575,46.53,86,98,12.28,light rain,2022-10-24 04:05:46
658,Asosa,ET,10.0667,34.5333,59.47,91,3,4.38,clear sky,2022-10-24 04:05:46
659,Aden,YE,12.7794,45.0367,82.38,70,0,11.34,clear sky,2022-10-24 04:01:20
660,Poya,NC,-21.35,165.15,76.66,74,100,7.43,overcast clouds,2022-10-24 04:05:47
661,Leh,IN,34.1667,77.5833,35.31,33,0,1.74,clear sky,2022-10-24 04:05:48
662,Gijon,ES,43.5357,-5.6615,58.46,90,81,4.9,broken clouds,2022-10-24 04:05:17
663,Barwadih,IN,23.8333,84.1167,74.64,55,65,4.12,broken clouds,2022-10-24 04:05:48
664,Sherlovaya Gora,RU,50.5667,116.25,45.73,30,12,16.64,few clouds,2022-10-24 04:05:49
665,Jalu,LY,29.0331,21.5482,60.31,74,0,6.2,clear sky,2022-10-24 04:05:49
666,Axim,GH,4.8699,-2.2405,76.59,89,84,2.55,light rain,2022-10-24 04:05:50
667,Dryden,CA,49.7833,-92.7503,53.94,91,69,10.87,broken clouds,2022-10-24 04:05:50
668,Pionerskiy,RU,54.9508,20.2275,48.04,90,97,9.35,overcast clouds,2022-10-24 04:05:50
669,Flers,FR,48.7372,-0.5747,55.65,85,66,15.05,broken clouds,2022-10-24 04:05:51
670,Kloulklubed,PW,7.0419,134.2556,83.55,79,76,17.65,broken clouds,2022-10-24 04:05:51
671,Touba,CI,8.2833,-7.6833,69.89,95,93,2.89,light rain,2022-10-24 04:05:52
672,Kampot,KH,10.6167,104.1833,84.25,66,82,5.21,broken clouds,2022-10-24 04:05:52
673,Tefe,BR,-3.3542,-64.7114,73.54,98,100,1.77,overcast clouds,2022-10-24 04:05:52
674,Mitsamiouli,KM,-11.3847,43.2844,76.78,81,18,10.56,few clouds,2022-10-24 04:05:53
675,Llandrindod Wells,GB,52.2416,-3.3787,52.95,91,100,9.8,light rain,2022-10-24 04:05:53
676,Shimoda,JP,34.6667,138.95,58.1,79,92,18.12,overcast clouds,2022-10-24 04:05:54
677,Zyryanka,RU,65.75,150.85,6.91,87,52,12.75,broken clouds,2022-10-24 04:05:54
678,Mitchell,US,43.7094,-98.0298,56.73,59,20,15.01,few clouds,2022-10-24 04:05:55
679,Bud,US,39.447,-86.1758,66.34,64,19,10.67,few clouds,2022-10-24 04:05:55
680,Huarmey,PE,-10.0681,-78.1522,61.5,86,98,8.43,overcast clouds,2022-10-24 04:05:55
681,Floro,NO,61.5996,5.0328,48.27,100,0,8.05,clear sky,2022-10-24 04:05:56
682,Sao Francisco De Assis,BR,-29.5503,-55.1311,53.74,89,0,4.81,clear sky,2022-10-24 04:05:56
683,Morki,RU,56.4303,48.9947,37.54,95,100,12.91,overcast clouds,2022-10-24 04:05:57
684,Tosya,TR,41.0155,34.0401,46.13,84,1,2.46,clear sky,2022-10-24 04:05:57
685,North Bend,US,43.4065,-124.2243,51.85,96,20,4.61,few clouds,2022-10-24 04:05:58
686,Pierre,US,44.3683,-100.351,48.85,71,97,21.0,overcast clouds,2022-10-24 04:02:10
687,Pressbaum,AT,48.176,16.0477,55.2,92,100,5.01,overcast clouds,2022-10-24 04:06:58
688,Achacachi,BO,-16.05,-68.6833,42.01,79,89,8.75,overcast clouds,2022-10-24 04:06:58
689,Villanueva,HN,15.3167,-88.0,75.04,94,20,2.3,few clouds,2022-10-24 04:06:59
690,Xai-Xai,MZ,-25.0519,33.6442,71.94,81,72,2.13,broken clouds,2022-10-24 04:06:59
691,Flin Flon,CA,54.7682,-101.865,29.7,69,100,9.44,overcast clouds,2022-10-24 04:07:00
